{
  "project_info": {
    "project_number": "1064825135755",
    "firebase_url": "https://mobileprogramming-84190-default-rtdb.firebaseio.com",
    "project_id": "mobileprogramming-84190",
    "storage_bucket": "mobileprogramming-84190.appspot.com"
  },
  "client": [
    {
      "client_info": {
        "mobilesdk_app_id": "1:1064825135755:android:1935ce029640d289c5aa8e",
        "android_client_info": {
          "package_name": "sw2022.gachon.mobileprogramming"
        }
      },
      "oauth_client": [
        {
          "client_id": "1064825135755-obt6b64pg0f3kcd3amfjl4b9778sqvun.apps.googleusercontent.com",
          "client_type": 3
        }
      ],
      "api_key": [
        {
          "current_key": "AIzaSyAAyxf4e1Z-LCHI90daT5HHK3pksXwa4AE"
        }
      ],
      "services": {
        "appinvite_service": {
          "other_platform_oauth_client": [
            {
              "client_id": "1064825135755-obt6b64pg0f3kcd3amfjl4b9778sqvun.apps.googleusercontent.com",
              "client_type": 3
            }
          ]
        }
      }
    },
    {
      "client_info": {
        "mobilesdk_app_id": "1:1064825135755:android:27394376d71b37dbc5aa8e",
        "android_client_info": {
          "package_name": "sw2022.mp.mobileprogramming"
        }
      },
      "oauth_client": [
        {
          "client_id": "1064825135755-obt6b64pg0f3kcd3amfjl4b9778sqvun.apps.googleusercontent.com",
          "client_type": 3
        }
      ],
      "api_key": [
        {
          "current_key": "AIzaSyAAyxf4e1Z-LCHI90daT5HHK3pksXwa4AE"
        }
      ],
      "services": {
        "appinvite_service": {
          "other_platform_oauth_client": [
            {
              "client_id": "1064825135755-obt6b64pg0f3kcd3amfjl4b9778sqvun.apps.googleusercontent.com",
              "client_type": 3
            }
          ]
        }
      }
    }
  ],
  "configuration_version": "1"
}